{
    "bagging_fraction": 0.8844201804482011,
    "bagging_freq": 5,
    "clip": 9,
    "feature_fraction": 0.6091564556522768,
    "learning_rate": 0.06458961497767152,
    "min_child_samples": 53,
    "num_leaves": 68
}