{
    "bagging_fraction": 0.6172406280336162,
    "bagging_freq": 6,
    "clip": 10,
    "feature_fraction": 0.7448910236118238,
    "learning_rate": 0.07913375532250332,
    "min_child_samples": 68,
    "num_leaves": 26
}